<?xml version="1.0" encoding="utf-8"?>
<odoo>
    <data noupdate="0">

        <!-- Cron for Auto Backup Schedules -->
        <record model="ir.cron" id="ir_cron_autobackup">
            <field name="name">Database Auto Backup Cron</field>
            <field name="interval_number">7</field>
            <field name="interval_type">days</field>
            <field name="numbercall">-1</field>
            <field name="user_id" ref="base.user_root"/>
            <field name="doall" eval="False" />
            <field name="model_id" ref="model_autobackup_scheduler" />
            <field name="state">code</field>
            <field name="code">model.cron_database_autobackup()</field>
        </record>

    </data>
</odoo>

